<?xml version="1.0"?>
<SmartPartMapping xmlns:xsi="http://www.w3.org/2001/XMLSchema-instance" xmlns:xsd="http://www.w3.org/2001/XMLSchema" id="3878d483-80a5-41ad-a168-3e1047426c03">
  <SmartPartId>ForecastAudit</SmartPartId>
  <ReferencedModelId>b2741b79-02a2-4f4c-81cd-c204f82cf41c</ReferencedModelId>
  <SmartPart>\Entity Model\SalesLogix Application Entities\Forecast\QuickForms\ForecastAudit.main.quickform.xml</SmartPart>
  <TargetWorkspace>TabControl</TargetWorkspace>
  <ShowInMode>Detail</ShowInMode>
  <Properties />
  <AllowRoles />
</SmartPartMapping>