<?xml version="1.0"?>
<NonEntityQuickForm xmlns:xsi="http://www.w3.org/2001/XMLSchema-instance" xmlns:xsd="http://www.w3.org/2001/XMLSchema" id="fe265d7b-7705-4bc9-b2f0-27be0ba80fd8" DefinitionType="Sage.Platform.QuickForms.NonEntityQuickFormMainDetailViewDefinition, Sage.Platform.QuickForms">
  <ActiveControl />
  <ImagePath />
  <LoadActions>
    <FormActionDefinition>
      <ResourceKey>2ad100f1-de38-4e6b-8a04-222c2dfabc39</ResourceKey>
      <Action typeName="Sage.Platform.QuickForms.ActionItems.CSharpSnippetActionItem, Sage.Platform.QuickForms">
        <CSharpSnippetActionItem>
          <MethodName>quickformload0</MethodName>
          <CSharpCodeSnippet>	System.Collections.Generic.IList&lt;Sage.Entity.Interfaces.ICustomSetting&gt; fiscalSettings = fiscalAPI.Platform.GetFiscalSettings();

    foreach (Sage.Entity.Interfaces.ICustomSetting setting in fiscalSettings)
    {
        switch (setting.Description)
        {
            case "FiscalYearStart":
				if (!String.IsNullOrEmpty(setting.DataValue))
				{
                    try
                    {
                        this.cbxFiscalYearStart.SelectedValue = setting.DataValue;
                        System.Threading.Thread.Sleep(250);
                    }
                    catch { }
				}
                break;
            case "QutoaAndForecastBy":
				if (!String.IsNullOrEmpty(setting.DataValue))
				{
                    this.cbxQFPeriod.SelectedValue = setting.DataValue;
				}
                break;
        }
    }

    // Set fields Read/Write or Read/Only
    if (!RoleSecurityService.HasAccess("Administration/View"))
    {
        this.cbxFiscalYearStart.Enabled = false;
        this.cbxQFPeriod.Enabled = false;
    }
    else
    {
		this.cbxFiscalYearStart.Enabled = true;
        this.cbxQFPeriod.Enabled = true;
    }
	
	cbxQFPeriod_ChangeAction(sender, e);
</CSharpCodeSnippet>
        </CSharpSnippetActionItem>
      </Action>
      <IsDialogCloseAction>False</IsDialogCloseAction>
      <RunOnEveryRePaint>True</RunOnEveryRePaint>
      <DialogActionResult>NoResult</DialogActionResult>
      <PerformsUpdate>False</PerformsUpdate>
      <AppliedSecurity />
      <RefreshData>False</RefreshData>
    </FormActionDefinition>
  </LoadActions>
  <Name>FinancialSettings</Name>
  <ClientScriptIncludes />
  <ClientResourceKeys />
  <ExtendedProperties />
  <HelpFile />
  <ReadOnly>false</ReadOnly>
  <GeneratePrintView>false</GeneratePrintView>
  <Controls>
    <Control typeName="Sage.Platform.QuickForms.QFControls.QFListBox, Sage.Platform.QuickForms.QFControls">
      <QFListBox>
        <Column>0</Column>
        <Row>0</Row>
        <HotKey>0</HotKey>
        <TabIndex>0</TabIndex>
        <ControlId>cbxQFPeriod</ControlId>
        <DataBindings />
        <ControlLabelPlacement>left</ControlLabelPlacement>
        <ExtendedProperties />
        <CaptionAlignment>left</CaptionAlignment>
        <StyleScheme />
        <SelectedIndex>-1</SelectedIndex>
        <Items>
          <Item>
            <Key>cbxQFPeriod_item0.Value</Key>
            <Value>1</Value>
          </Item>
          <Item>
            <Key>cbxQFPeriod_item1.Value</Key>
            <Value>3</Value>
          </Item>
          <Item>
            <Key>cbxQFPeriod_item2.Value</Key>
            <Value>6</Value>
          </Item>
          <Item>
            <Key>cbxQFPeriod_item3.Value</Key>
            <Value>12</Value>
          </Item>
        </Items>
        <OnChangeAction>
          <ResourceKey>cbxQFPeriod</ResourceKey>
          <Action typeName="Sage.Platform.QuickForms.ActionItems.CSharpSnippetActionItem, Sage.Platform.QuickForms">
            <CSharpSnippetActionItem>
              <MethodName>cbxQFPeriod_ChangeAction</MethodName>
              <CSharpCodeSnippet>    int period = 1;
    int fystart = 1;
    
    if (!String.IsNullOrEmpty(this.cbxQFPeriod.SelectedValue))
    {
        period = Convert.ToInt16(this.cbxQFPeriod.SelectedValue);
    }

    if (!string.IsNullOrEmpty(this.cbxFiscalYearStart.SelectedValue))
    {
        fystart = Convert.ToInt32(this.cbxFiscalYearStart.SelectedValue);
    }
    
    //this.txtPeriod.Text = period.ToString();

    this.cbxFiscalYearStart.Items.Clear();

    for (int i = 1; i &lt;= 12; i = i + period)
    {
        ListItem item = new ListItem(slxCustom.Date.MonthName(i), i.ToString());
        this.cbxFiscalYearStart.Items.Add(item);
    }

    try
    {
        System.Threading.Thread.Sleep(500);
        this.cbxFiscalYearStart.SelectedValue = fystart.ToString();
    }
	catch{}
</CSharpCodeSnippet>
            </CSharpSnippetActionItem>
          </Action>
          <IsDialogCloseAction>False</IsDialogCloseAction>
          <RunOnEveryRePaint>False</RunOnEveryRePaint>
          <DialogActionResult>NoResult</DialogActionResult>
          <PerformsUpdate>False</PerformsUpdate>
          <AppliedSecurity />
          <RefreshData>False</RefreshData>
        </OnChangeAction>
        <DataSource />
        <TextField />
        <ValueField />
        <MultiSelect>false</MultiSelect>
      </QFListBox>
    </Control>
    <Control typeName="Sage.Platform.QuickForms.QFControls.QFListBox, Sage.Platform.QuickForms.QFControls">
      <QFListBox>
        <Column>0</Column>
        <Row>1</Row>
        <HotKey>0</HotKey>
        <TabIndex>0</TabIndex>
        <ControlId>cbxFiscalYearStart</ControlId>
        <DataBindings />
        <ControlLabelPlacement>left</ControlLabelPlacement>
        <ExtendedProperties>
          <ExtendedProperty>
            <Name>January</Name>
            <Value>1</Value>
          </ExtendedProperty>
          <ExtendedProperty>
            <Name>February</Name>
            <Value>2</Value>
          </ExtendedProperty>
          <ExtendedProperty>
            <Name>March</Name>
            <Value>3</Value>
          </ExtendedProperty>
          <ExtendedProperty>
            <Name>April</Name>
            <Value>4</Value>
          </ExtendedProperty>
          <ExtendedProperty>
            <Name>May</Name>
            <Value>5</Value>
          </ExtendedProperty>
          <ExtendedProperty>
            <Name>June</Name>
            <Value>6</Value>
          </ExtendedProperty>
          <ExtendedProperty>
            <Name>July</Name>
            <Value>7</Value>
          </ExtendedProperty>
          <ExtendedProperty>
            <Name>August</Name>
            <Value>8</Value>
          </ExtendedProperty>
          <ExtendedProperty>
            <Name>September</Name>
            <Value>9</Value>
          </ExtendedProperty>
          <ExtendedProperty>
            <Name>October</Name>
            <Value>10</Value>
          </ExtendedProperty>
          <ExtendedProperty>
            <Name>November</Name>
            <Value>11</Value>
          </ExtendedProperty>
          <ExtendedProperty>
            <Name>December</Name>
            <Value>12</Value>
          </ExtendedProperty>
        </ExtendedProperties>
        <CaptionAlignment>left</CaptionAlignment>
        <StyleScheme />
        <SelectedIndex>-1</SelectedIndex>
        <Items>
          <Item>
            <Key>cbxFiscalYearStart_item0.Value</Key>
            <Value>1</Value>
          </Item>
          <Item>
            <Key>cbxFiscalYearStart_item1.Value</Key>
            <Value>2</Value>
          </Item>
          <Item>
            <Key>cbxFiscalYearStart_item2.Value</Key>
            <Value>3</Value>
          </Item>
          <Item>
            <Key>cbxFiscalYearStart_item3.Value</Key>
            <Value>4</Value>
          </Item>
          <Item>
            <Key>cbxFiscalYearStart_item4.Value</Key>
            <Value>5</Value>
          </Item>
          <Item>
            <Key>cbxFiscalYearStart_item5.Value</Key>
            <Value>6</Value>
          </Item>
          <Item>
            <Key>cbxFiscalYearStart_item6.Value</Key>
            <Value>7</Value>
          </Item>
          <Item>
            <Key>cbxFiscalYearStart_item7.Value</Key>
            <Value>8</Value>
          </Item>
          <Item>
            <Key>cbxFiscalYearStart_item8.Value</Key>
            <Value>9</Value>
          </Item>
          <Item>
            <Key>cbxFiscalYearStart_item9.Value</Key>
            <Value>10</Value>
          </Item>
          <Item>
            <Key>cbxFiscalYearStart_item10.Value</Key>
            <Value>11</Value>
          </Item>
          <Item>
            <Key>cbxFiscalYearStart_item11.Value</Key>
            <Value>12</Value>
          </Item>
        </Items>
        <OnChangeAction>
          <ResourceKey>cbxFiscalYearStart</ResourceKey>
          <Action typeName="Sage.Platform.QuickForms.ActionItems.NoActionActionItem, Sage.Platform.QuickForms">
            <NoActionActionItem>
              <MethodName />
            </NoActionActionItem>
          </Action>
          <IsDialogCloseAction>False</IsDialogCloseAction>
          <RunOnEveryRePaint>False</RunOnEveryRePaint>
          <DialogActionResult>NoResult</DialogActionResult>
          <PerformsUpdate>False</PerformsUpdate>
          <AppliedSecurity />
          <RefreshData>False</RefreshData>
        </OnChangeAction>
        <DataSource />
        <TextField />
        <ValueField />
        <MultiSelect>false</MultiSelect>
      </QFListBox>
    </Control>
  </Controls>
  <ToolControls>
    <Control typeName="Sage.Platform.QuickForms.Controls.QFElementSpacer, Sage.Platform.QuickForms">
      <QFElementSpacer>
        <Column>0</Column>
        <Row>0</Row>
        <HotKey>0</HotKey>
        <TabIndex>0</TabIndex>
        <ControlId>cdcfc7fb6e6643e4aa2badbe793d4673</ControlId>
        <DataBindings />
        <ControlLabelPlacement>left</ControlLabelPlacement>
        <ExtendedProperties />
        <CaptionAlignment>left</CaptionAlignment>
        <StyleScheme />
      </QFElementSpacer>
    </Control>
    <Control typeName="Sage.Platform.QuickForms.Controls.QFElementSpacer, Sage.Platform.QuickForms">
      <QFElementSpacer>
        <Column>0</Column>
        <Row>0</Row>
        <HotKey>0</HotKey>
        <TabIndex>0</TabIndex>
        <ControlId>fe2ba51134914c9090903ea32d6c10f5</ControlId>
        <DataBindings />
        <ControlLabelPlacement>left</ControlLabelPlacement>
        <ExtendedProperties />
        <CaptionAlignment>left</CaptionAlignment>
        <StyleScheme />
      </QFElementSpacer>
    </Control>
    <Control typeName="Sage.Platform.QuickForms.Controls.QFButton, Sage.Platform.QuickForms">
      <QFButton>
        <Column>0</Column>
        <Row>0</Row>
        <HotKey>0</HotKey>
        <TabIndex>0</TabIndex>
        <ControlId>cmdSave</ControlId>
        <DataBindings />
        <ControlLabelPlacement>none</ControlLabelPlacement>
        <ExtendedProperties />
        <CaptionAlignment>left</CaptionAlignment>
        <StyleScheme />
        <ButtonType>Icon</ButtonType>
        <Image>[Localization!Global_Images:Save_16x16]</Image>
        <OnClientClick />
        <OnClickAction>
          <ResourceKey>cmdSave</ResourceKey>
          <Action typeName="Sage.Platform.QuickForms.ActionItems.CSharpSnippetActionItem, Sage.Platform.QuickForms">
            <CSharpSnippetActionItem>
              <MethodName>cmdSave_ClickAction</MethodName>
              <CSharpCodeSnippet>	System.Collections.Generic.IList&lt;Sage.Entity.Interfaces.ICustomSetting&gt; fiscalSettings = fiscalAPI.Platform.GetFiscalSettings();
	
    foreach (Sage.Entity.Interfaces.ICustomSetting setting in fiscalSettings)
    {
        switch (setting.Description)
        {
            case "FiscalYearStart":
				if (!String.IsNullOrEmpty(this.cbxFiscalYearStart.SelectedValue))
				{
                    setting.DataValue = this.cbxFiscalYearStart.SelectedValue;
					setting.Save();
				}
                break;
            case "QutoaAndForecastBy":
				if (!String.IsNullOrEmpty(this.cbxQFPeriod.SelectedValue))
				{
                    setting.DataValue = this.cbxQFPeriod.SelectedValue;
					setting.Save();
				}
                break;
        }
    }
</CSharpCodeSnippet>
            </CSharpSnippetActionItem>
          </Action>
          <IsDialogCloseAction>False</IsDialogCloseAction>
          <RunOnEveryRePaint>False</RunOnEveryRePaint>
          <DialogActionResult>NoResult</DialogActionResult>
          <PerformsUpdate>False</PerformsUpdate>
          <AppliedSecurity />
          <RefreshData>False</RefreshData>
        </OnClickAction>
      </QFButton>
    </Control>
  </ToolControls>
  <Columns>
    <ColumnStyle>
      <SizeType>Percent</SizeType>
      <Width>50</Width>
    </ColumnStyle>
    <ColumnStyle>
      <SizeType>Percent</SizeType>
      <Width>50</Width>
    </ColumnStyle>
  </Columns>
  <Rows>
    <RowStyle>
      <SizeType>Absolute</SizeType>
      <Height>35</Height>
    </RowStyle>
    <RowStyle>
      <SizeType>Absolute</SizeType>
      <Height>35</Height>
    </RowStyle>
    <RowStyle>
      <SizeType>Absolute</SizeType>
      <Height>35</Height>
    </RowStyle>
  </Rows>
  <Description />
</NonEntityQuickForm>