<?xml version="1.0"?>
<relationship xmlns:xsi="http://www.w3.org/2001/XMLSchema-instance" xmlns:xsd="http://www.w3.org/2001/XMLSchema" id="55dea033-e485-47f6-af07-ca272ddd874a" lastModifiedUtc="2013-03-06T22:10:50.0475252Z" cardinality="M:1" parentEntityId="7be6b1ed-b699-430c-9756-84d7fc517921" childEntityId="6ab738f6-21b0-4fe2-8df5-6f192281423c">
  <extendedMetaData />
  <ExtendedPropertiesCollection>
    <extendee type="Sage.Platform.Orm.Entities.OrmRelationship" />
  </ExtendedPropertiesCollection>
  <parentProperty id="217536cd-f5ab-423f-9968-842a5a246db6" lastModifiedUtc="2013-03-06T22:10:44.8292267Z" name="AssignedTo" audited="true">
    <ExtendedPropertiesCollection>
      <extendee type="Sage.Platform.Orm.Entities.OrmRelationProperty">
        <extender guid="ae60621d-9d91-3d9a-b9fb-eb6c8be12131">
          <OrmEntityPropertySDataExtension generate="true" />
        </extender>
      </extendee>
    </ExtendedPropertiesCollection>
    <SystemDataType guid="2f770d03-c93c-4605-8ae8-7cdae04830d7">
      <RelationshipDataType />
    </SystemDataType>
  </parentProperty>
  <childProperty id="e5bb97da-055a-442c-83a7-d94d4996a666" lastModifiedUtc="2013-03-06T22:10:34.1126138Z" name="Forecast" audited="false" include="false">
    <ExtendedPropertiesCollection>
      <extendee type="Sage.Platform.Orm.Entities.OrmRelationProperty">
        <extender guid="ae60621d-9d91-3d9a-b9fb-eb6c8be12131">
          <OrmEntityPropertySDataExtension generate="true" />
        </extender>
      </extendee>
    </ExtendedPropertiesCollection>
    <SystemDataType guid="2f770d03-c93c-4605-8ae8-7cdae04830d7">
      <RelationshipDataType />
    </SystemDataType>
  </childProperty>
  <column>
    <OrmRelationshipColumn id="3572da67-d7f1-4a74-9b0c-96c11f8c9f8a" parentPropertyId="fe6384cc-ac03-4659-ba72-40efcc867597" childPropertyId="ff93a248-20ab-407a-899d-40b1435ca5c3" ordinal="0" />
  </column>
</relationship>