<?xml version="1.0"?>
<relationship xmlns:xsi="http://www.w3.org/2001/XMLSchema-instance" xmlns:xsd="http://www.w3.org/2001/XMLSchema" id="03e30ab0-aa64-4408-8b48-7a3c055a2851" lastModifiedUtc="2013-09-18T18:54:45.0686053Z" parentEntityId="7be6b1ed-b699-430c-9756-84d7fc517921" childEntityId="e6c308be-14d1-4d21-b6ee-185ac6ed708b" cascadeOption="SaveUpdateDelete">
  <extendedMetaData />
  <ExtendedPropertiesCollection>
    <extendee type="Sage.Platform.Orm.Entities.OrmRelationship" />
  </ExtendedPropertiesCollection>
  <parentProperty id="2c3e1981-6a8a-4db4-abfb-4bfe647d42d2" lastModifiedUtc="2013-09-18T18:54:36.0680905Z" name="ForecastSnapshots" audited="false">
    <ExtendedPropertiesCollection>
      <extendee type="Sage.Platform.Orm.Entities.OrmRelationProperty">
        <extender guid="ae60621d-9d91-3d9a-b9fb-eb6c8be12131">
          <OrmEntityPropertySDataExtension generate="true" />
        </extender>
      </extendee>
    </ExtendedPropertiesCollection>
    <SystemDataType guid="2f770d03-c93c-4605-8ae8-7cdae04830d7">
      <RelationshipDataType />
    </SystemDataType>
  </parentProperty>
  <childProperty id="21c4a5b1-10d2-4b2d-8617-dd7ddedf4000" lastModifiedUtc="2013-09-18T18:54:36.0700906Z" name="Forecast" audited="false">
    <ExtendedPropertiesCollection>
      <extendee type="Sage.Platform.Orm.Entities.OrmRelationProperty">
        <extender guid="ae60621d-9d91-3d9a-b9fb-eb6c8be12131">
          <OrmEntityPropertySDataExtension generate="true" />
        </extender>
      </extendee>
    </ExtendedPropertiesCollection>
    <SystemDataType guid="2f770d03-c93c-4605-8ae8-7cdae04830d7">
      <RelationshipDataType />
    </SystemDataType>
  </childProperty>
  <column>
    <OrmRelationshipColumn id="e6baf82c-d6e9-4bcc-a9cc-0b88decf8675" parentPropertyId="c00ba4f7-77a9-4d18-a427-c59b2f12eafb" childPropertyId="26d277e8-5cf8-40b5-8984-ac8dadb320b6" ordinal="0" />
  </column>
</relationship>