<?xml version="1.0"?>
<relationship xmlns:xsi="http://www.w3.org/2001/XMLSchema-instance" xmlns:xsd="http://www.w3.org/2001/XMLSchema" id="2ec70bb9-8972-4b15-8690-387cec1a362b" lastModifiedUtc="2013-01-07T04:23:10.2834606Z" parentEntityId="7be6b1ed-b699-430c-9756-84d7fc517921" childEntityId="b1d75cec-0e06-4345-840c-7e1d1d1a45c6">
  <extendedMetaData />
  <ExtendedPropertiesCollection>
    <extendee type="Sage.Platform.Orm.Entities.OrmRelationship" />
  </ExtendedPropertiesCollection>
  <parentProperty id="b34bb600-37cb-4723-9bb9-dd4761f4f89d" lastModifiedUtc="2013-01-07T04:23:00.8359203Z" name="ForecastOpportunities" audited="false">
    <ExtendedPropertiesCollection>
      <extendee type="Sage.Platform.Orm.Entities.OrmRelationProperty">
        <extender guid="ae60621d-9d91-3d9a-b9fb-eb6c8be12131">
          <OrmEntityPropertySDataExtension generate="true" />
        </extender>
      </extendee>
    </ExtendedPropertiesCollection>
    <SystemDataType guid="2f770d03-c93c-4605-8ae8-7cdae04830d7">
      <RelationshipDataType />
    </SystemDataType>
  </parentProperty>
  <childProperty id="2b6d2c33-e90a-4779-a46f-560d1b681643" lastModifiedUtc="2013-01-07T04:23:00.8379204Z" name="Forecast" audited="false">
    <ExtendedPropertiesCollection>
      <extendee type="Sage.Platform.Orm.Entities.OrmRelationProperty">
        <extender guid="ae60621d-9d91-3d9a-b9fb-eb6c8be12131">
          <OrmEntityPropertySDataExtension generate="true" />
        </extender>
      </extendee>
    </ExtendedPropertiesCollection>
    <SystemDataType guid="2f770d03-c93c-4605-8ae8-7cdae04830d7">
      <RelationshipDataType />
    </SystemDataType>
  </childProperty>
  <column>
    <OrmRelationshipColumn id="072cf3cd-d377-4402-8e45-46da27536de3" parentPropertyId="c00ba4f7-77a9-4d18-a427-c59b2f12eafb" childPropertyId="c7f282b4-7c3a-4c73-91b6-86f9b5fe01ba" ordinal="0" />
  </column>
</relationship>