<?xml version="1.0"?>
<relationship xmlns:xsi="http://www.w3.org/2001/XMLSchema-instance" xmlns:xsd="http://www.w3.org/2001/XMLSchema" id="fa8c4787-5b8e-430e-84d1-47a4208fb916" lastModifiedUtc="2013-03-05T04:19:16.9490532Z" cardinality="M:1" parentEntityId="8ca9894f-d977-4032-bd36-5b464c127c84" childEntityId="6ab738f6-21b0-4fe2-8df5-6f192281423c">
  <extendedMetaData />
  <ExtendedPropertiesCollection>
    <extendee type="Sage.Platform.Orm.Entities.OrmRelationship" />
  </ExtendedPropertiesCollection>
  <parentProperty id="3d31a458-c9f9-4a1f-8f44-0d442d0e8f69" lastModifiedUtc="2013-03-05T04:19:10.4446812Z" name="AssignedTo" audited="false">
    <ExtendedPropertiesCollection>
      <extendee type="Sage.Platform.Orm.Entities.OrmRelationProperty">
        <extender guid="ae60621d-9d91-3d9a-b9fb-eb6c8be12131">
          <OrmEntityPropertySDataExtension generate="true" />
        </extender>
      </extendee>
    </ExtendedPropertiesCollection>
    <SystemDataType guid="2f770d03-c93c-4605-8ae8-7cdae04830d7">
      <RelationshipDataType />
    </SystemDataType>
  </parentProperty>
  <childProperty id="ba4bf383-b43c-4390-b38e-1a728968f758" lastModifiedUtc="2013-03-05T04:18:58.9930262Z" name="Quota" audited="false" include="false">
    <ExtendedPropertiesCollection>
      <extendee type="Sage.Platform.Orm.Entities.OrmRelationProperty">
        <extender guid="ae60621d-9d91-3d9a-b9fb-eb6c8be12131">
          <OrmEntityPropertySDataExtension generate="true" />
        </extender>
      </extendee>
    </ExtendedPropertiesCollection>
    <SystemDataType guid="2f770d03-c93c-4605-8ae8-7cdae04830d7">
      <RelationshipDataType />
    </SystemDataType>
  </childProperty>
  <column>
    <OrmRelationshipColumn id="bd172826-e89d-4a5d-85aa-fb5dd3d1c8e8" parentPropertyId="6cbde44c-ac3e-429e-91c3-3446d7cb0d33" childPropertyId="ff93a248-20ab-407a-899d-40b1435ca5c3" ordinal="0" />
  </column>
</relationship>