<?xml version="1.0"?>
<method xmlns:xsi="http://www.w3.org/2001/XMLSchema-instance" xmlns:xsd="http://www.w3.org/2001/XMLSchema" id="05acc51e-f0e6-49a4-9900-96a00f0b5d7d" lastModifiedUtc="2013-09-19T16:53:23.1025249Z" name="Copy" methodType="Rule" actionType="None" returnMode="None">
  <extendedMetaData />
  <ExtendedPropertiesCollection>
    <extendee type="Sage.Platform.Orm.Entities.OrmEntityMethod" />
  </ExtendedPropertiesCollection>
  <parameter>
    <OrmEntityMethodParam id="cbed08a9-f26a-4514-a8c0-558269662e7a" paramName="oldQuota" sequence="0" paramType="IQuota">
      <description>The Quota to be copied</description>
    </OrmEntityMethodParam>
    <OrmEntityMethodParam id="2c38168e-7ddc-46a5-b704-19ffb790e908" paramName="requestId" sequence="0" paramType="String" />
  </parameter>
  <preExecuteTargets />
  <methodTargets>
    <methodTarget xsi:type="OrmMethodTargetSnippet" id="52b16ace-39d0-4020-86a8-b071317bd4be" lastModifiedUtc="2013-10-02T22:34:33.607987Z" targetType="Sage.BusinessRules.CodeSnippets.QuotaBusinessRules, Sage.SnippetLibrary.CSharp" targetMethod="CopyStep" active="true" codeSnippetId="78ee7b39-1f4b-4765-bf18-04e16dfa06bb">
      <ExtendedPropertiesCollection>
        <extendee type="Sage.Platform.Orm.Entities.OrmMethodTargetSnippet" />
      </ExtendedPropertiesCollection>
    </methodTarget>
  </methodTargets>
  <postExecuteTargets />
  <postFlushTargets />
</method>