<?xml version="1.0"?>
<method xmlns:xsi="http://www.w3.org/2001/XMLSchema-instance" xmlns:xsd="http://www.w3.org/2001/XMLSchema" id="de684272-8f41-482d-b69b-33183dd29359" lastModifiedUtc="2013-03-06T15:44:38.4542058Z" name="GetFormattedDescription" returnType="String" methodType="Rule" actionType="None" returnMode="Object">
  <extendedMetaData />
  <ExtendedPropertiesCollection>
    <extendee type="Sage.Platform.Orm.Entities.OrmEntityMethod" />
  </ExtendedPropertiesCollection>
  <parameter />
  <preExecuteTargets />
  <methodTargets>
    <methodTarget xsi:type="OrmMethodTargetSnippet" id="96845654-9cfa-47d0-9023-3e4ce09d864f" lastModifiedUtc="2013-09-30T18:24:58.4464643Z" targetType="Sage.BusinessRules.CodeSnippets.QuotaBusinessRules, Sage.SnippetLibrary.CSharp" targetMethod="GetFormattedDescriptionStep" active="true" codeSnippetId="66188011-46b9-49b2-ac7d-d4cd1b49c4a9">
      <ExtendedPropertiesCollection>
        <extendee type="Sage.Platform.Orm.Entities.OrmMethodTargetSnippet" />
      </ExtendedPropertiesCollection>
    </methodTarget>
  </methodTargets>
  <postExecuteTargets />
  <postFlushTargets />
</method>