<?xml version="1.0"?>
<method xmlns:xsi="http://www.w3.org/2001/XMLSchema-instance" xmlns:xsd="http://www.w3.org/2001/XMLSchema" id="5ba94b54-9c08-42e8-9f22-a574caa5843c" lastModifiedUtc="2013-03-04T21:40:42.4464928Z" name="OnBeforeInsert" methodType="CrudEvent" actionType="None" returnMode="None">
  <extendedMetaData />
  <ExtendedPropertiesCollection>
    <extendee type="Sage.Platform.Orm.Entities.OrmEntityMethod" />
  </ExtendedPropertiesCollection>
  <parameter />
  <preExecuteTargets>
    <methodTarget xsi:type="OrmMethodTargetSnippet" id="b2e7d667-432a-42cf-b8db-ab3270d466e9" lastModifiedUtc="2013-03-06T15:33:19.4293678Z" targetType="Sage.BusinessRules.CodeSnippets.QuotaBusinessRules, Sage.SnippetLibrary.CSharp" targetMethod="OnBeforeInsertStep" active="true" codeSnippetId="af3ca031-8e13-44c7-92ef-1e6b2cbd1f6c">
      <ExtendedPropertiesCollection>
        <extendee type="Sage.Platform.Orm.Entities.OrmMethodTargetSnippet" />
      </ExtendedPropertiesCollection>
    </methodTarget>
  </preExecuteTargets>
  <methodTargets>
    <methodTarget id="7536dd83-5981-4a3b-a2e0-643eb680bd68" lastModifiedUtc="2013-03-04T21:40:42.4204913Z" targetType="Sage.Platform.Orm.DefaultCRUDEventHandler, Sage.Platform" targetMethod="OnBeforeInsert" active="true">
      <ExtendedPropertiesCollection>
        <extendee type="Sage.Platform.Orm.Entities.OrmMethodTarget" />
      </ExtendedPropertiesCollection>
    </methodTarget>
  </methodTargets>
  <postExecuteTargets />
  <postFlushTargets />
</method>