<?xml version="1.0"?>
<entity xmlns:xsi="http://www.w3.org/2001/XMLSchema-instance" xmlns:xsd="http://www.w3.org/2001/XMLSchema" id="8ca9894f-d977-4032-bd36-5b464c127c84" lastModifiedUtc="2013-10-29T19:11:08.6275691Z" manageSchema="false" tableName="QUOTA" name="Quota" displayPropertyId="75db4c66-eba4-4d07-bcdf-51cb809eb917" isExtension="false" cacheUsage="ReadWrite" audited="false" smallImage="[Localization!Global_Images:currency_dollar16]" largeImage="[Localization!Global_Images:currency_dollar24]" onBeforeInsertMethodId="5ba94b54-9c08-42e8-9f22-a574caa5843c" onAfterInsertMethodId="b0f28cbd-0ec9-4b74-9f74-82b3c7a9de07" onBeforeUpdateMethodId="55b944bd-1ad8-468b-85a5-774a9c4e19ca" onAfterUpdateMethodId="23a29f8b-424c-4c80-b57a-ed42b35ab64d" onBeforeDeleteMethodId="9eb0f9e8-ab14-49b4-a2b0-5689953f54f9" onAfterDeleteMethodId="f595fdb4-5458-4ff5-b4e8-8c263612770f" onCreateId="6ed7f8d1-d042-4d9a-b4ef-bd332d86752e">
  <extendedMetaData />
  <ExtendedPropertiesCollection>
    <extendee type="Sage.Platform.Orm.Entities.OrmEntity">
      <extender guid="1589723d-0536-4bf3-bdd7-3f6f7fe165d0">
        <OrmEntityMetadataExtension>
          <StringExpression>${Description}</StringExpression>
          <IsHistoryTable>false</IsHistoryTable>
        </OrmEntityMetadataExtension>
      </extender>
      <extender guid="76aa0e24-2c8f-3b71-a1f9-ca6db3db4459">
        <OrmEntitySDataExtension generateFeed="true" pathName="quotas" lastUpdatedPropertyId="08e3d17c-7ce3-40f5-a154-27ba521f9ee0" canPost="true" canPut="true" canDelete="true" />
      </extender>
    </extendee>
  </ExtendedPropertiesCollection>
  <keyProperties>
    <keyReference id="292eff99-40f8-4489-b595-e2b8b31407b0" ordinalPosition="1" />
  </keyProperties>
  <properties>
    <property xsi:type="OrmFieldProperty" id="292eff99-40f8-4489-b595-e2b8b31407b0" lastModifiedUtc="2013-10-29T04:32:50.1008979Z" name="QuotaId" audited="false" isNullable="false" include="false" columnName="QUOTAID" maxLength="12" precision="0" scale="0" ordinal="0" isReadOnly="false">
      <ExtendedPropertiesCollection>
        <extendee type="Sage.Platform.Orm.Entities.OrmFieldProperty">
          <extender guid="ae60621d-9d91-3d9a-b9fb-eb6c8be12131">
            <OrmEntityPropertySDataExtension generate="true" />
          </extender>
        </extendee>
      </ExtendedPropertiesCollection>
      <SystemDataType guid="30053f5a-8d40-4db1-b185-1e4128eb26cc">
        <StandardIdDataType />
      </SystemDataType>
    </property>
    <property xsi:type="OrmFieldProperty" id="9f0e3944-3c49-41dd-9312-f9f7f4fb8b3c" lastModifiedUtc="2013-10-29T04:32:50.1078983Z" name="BeginDate" audited="false" columnName="BEGINDATE" maxLength="0" precision="0" scale="0" ordinal="2" isReadOnly="false">
      <ExtendedPropertiesCollection>
        <extendee type="Sage.Platform.Orm.Entities.OrmFieldProperty">
          <extender guid="ae60621d-9d91-3d9a-b9fb-eb6c8be12131">
            <OrmEntityPropertySDataExtension generate="true" />
          </extender>
        </extendee>
      </ExtendedPropertiesCollection>
      <SystemDataType guid="1f08f2eb-87c8-443b-a7c2-a51f590923f5">
        <DateTimeDataType />
      </SystemDataType>
    </property>
    <property xsi:type="OrmFieldProperty" id="434bd169-a9a9-4733-be44-e05d58b8dd88" lastModifiedUtc="2013-10-29T04:32:50.1138987Z" name="EndDate" audited="false" columnName="ENDDATE" maxLength="0" precision="0" scale="0" ordinal="3" isReadOnly="false">
      <ExtendedPropertiesCollection>
        <extendee type="Sage.Platform.Orm.Entities.OrmFieldProperty">
          <extender guid="ae60621d-9d91-3d9a-b9fb-eb6c8be12131">
            <OrmEntityPropertySDataExtension generate="true" />
          </extender>
        </extendee>
      </ExtendedPropertiesCollection>
      <SystemDataType guid="1f08f2eb-87c8-443b-a7c2-a51f590923f5">
        <DateTimeDataType />
      </SystemDataType>
    </property>
    <property xsi:type="OrmFieldProperty" id="6ba419e1-dfcf-4488-bb6b-8f12cc57a49f" lastModifiedUtc="2013-10-29T04:32:50.119899Z" name="Amount" audited="false" columnName="AMOUNT" maxLength="0" precision="17" scale="4" ordinal="6" isReadOnly="false">
      <ExtendedPropertiesCollection>
        <extendee type="Sage.Platform.Orm.Entities.OrmFieldProperty">
          <extender guid="ae60621d-9d91-3d9a-b9fb-eb6c8be12131">
            <OrmEntityPropertySDataExtension generate="true" />
          </extender>
        </extendee>
      </ExtendedPropertiesCollection>
      <SystemDataType guid="2596d57d-89d6-4b72-9036-b18c64c5324c">
        <DecimalDataType>
          <Precision>17</Precision>
          <Scale>4</Scale>
        </DecimalDataType>
      </SystemDataType>
    </property>
    <property xsi:type="OrmFieldProperty" id="08e3d17c-7ce3-40f5-a154-27ba521f9ee0" lastModifiedUtc="2013-10-29T04:32:50.1258993Z" name="ModifyDate" audited="false" columnName="MODIFYDATE" maxLength="0" precision="0" scale="0" ordinal="8" isReadOnly="false">
      <ExtendedPropertiesCollection>
        <extendee type="Sage.Platform.Orm.Entities.OrmFieldProperty">
          <extender guid="ae60621d-9d91-3d9a-b9fb-eb6c8be12131">
            <OrmEntityPropertySDataExtension generate="true" />
          </extender>
        </extendee>
      </ExtendedPropertiesCollection>
      <SystemDataType guid="1f08f2eb-87c8-443b-a7c2-a51f590923f5">
        <DateTimeDataType />
      </SystemDataType>
    </property>
    <property xsi:type="OrmFieldProperty" id="e25a7add-cb07-4c98-b627-b04a7f0e8ca6" lastModifiedUtc="2013-10-29T04:32:50.1318997Z" name="ModifyUser" audited="false" columnName="MODIFYUSER" maxLength="12" precision="0" scale="0" ordinal="9" isReadOnly="false">
      <ExtendedPropertiesCollection>
        <extendee type="Sage.Platform.Orm.Entities.OrmFieldProperty">
          <extender guid="ae60621d-9d91-3d9a-b9fb-eb6c8be12131">
            <OrmEntityPropertySDataExtension generate="true" />
          </extender>
        </extendee>
      </ExtendedPropertiesCollection>
      <SystemDataType guid="30053f5a-8d40-4db1-b185-1e4128eb26cc">
        <StandardIdDataType />
      </SystemDataType>
    </property>
    <property xsi:type="OrmFieldProperty" id="9e412a31-51bd-45fe-bdcb-38834f07eefb" lastModifiedUtc="2013-10-29T04:32:50.1379Z" name="CreateDate" audited="false" columnName="CREATEDATE" maxLength="0" precision="0" scale="0" ordinal="10" isReadOnly="false">
      <ExtendedPropertiesCollection>
        <extendee type="Sage.Platform.Orm.Entities.OrmFieldProperty">
          <extender guid="ae60621d-9d91-3d9a-b9fb-eb6c8be12131">
            <OrmEntityPropertySDataExtension generate="true" />
          </extender>
        </extendee>
      </ExtendedPropertiesCollection>
      <SystemDataType guid="1f08f2eb-87c8-443b-a7c2-a51f590923f5">
        <DateTimeDataType />
      </SystemDataType>
    </property>
    <property xsi:type="OrmFieldProperty" id="9bc40775-3903-4b11-b52e-f5f9027a7987" lastModifiedUtc="2013-10-29T04:32:50.1439004Z" name="CreateUser" audited="false" columnName="CREATEUSER" maxLength="12" precision="0" scale="0" ordinal="11" isReadOnly="false">
      <ExtendedPropertiesCollection>
        <extendee type="Sage.Platform.Orm.Entities.OrmFieldProperty">
          <extender guid="ae60621d-9d91-3d9a-b9fb-eb6c8be12131">
            <OrmEntityPropertySDataExtension generate="true" />
          </extender>
        </extendee>
      </ExtendedPropertiesCollection>
      <SystemDataType guid="30053f5a-8d40-4db1-b185-1e4128eb26cc">
        <StandardIdDataType />
      </SystemDataType>
    </property>
    <property xsi:type="OrmFieldProperty" id="75db4c66-eba4-4d07-bcdf-51cb809eb917" lastModifiedUtc="2013-10-29T04:32:50.1499007Z" name="Description" audited="false" columnName="DESCRIPTION" maxLength="256" precision="0" scale="0" ordinal="12" isReadOnly="false">
      <ExtendedPropertiesCollection>
        <extendee type="Sage.Platform.Orm.Entities.OrmFieldProperty">
          <extender guid="ae60621d-9d91-3d9a-b9fb-eb6c8be12131">
            <OrmEntityPropertySDataExtension generate="true" />
          </extender>
        </extendee>
      </ExtendedPropertiesCollection>
      <SystemDataType guid="ccc0f01d-7ba5-408e-8526-a3f942354b3a">
        <TextDataType>
          <Length>256</Length>
        </TextDataType>
      </SystemDataType>
    </property>
    <property xsi:type="OrmFieldProperty" id="8665d9ce-bda4-410d-b187-f1e0771ccd43" lastModifiedUtc="2013-10-29T04:32:50.1559011Z" name="IsActive" audited="false" columnName="ISACTIVE" maxLength="1" precision="0" scale="0" ordinal="13" isReadOnly="false">
      <ExtendedPropertiesCollection>
        <extendee type="Sage.Platform.Orm.Entities.OrmFieldProperty">
          <extender guid="ae60621d-9d91-3d9a-b9fb-eb6c8be12131">
            <OrmEntityPropertySDataExtension generate="true" />
          </extender>
        </extendee>
      </ExtendedPropertiesCollection>
      <SystemDataType guid="92432b4d-8206-4a96-ba7b-e4cbd374f148">
        <TrueFalseDataType />
      </SystemDataType>
    </property>
    <property xsi:type="OrmFieldProperty" id="6cbde44c-ac3e-429e-91c3-3446d7cb0d33" lastModifiedUtc="2013-10-29T04:32:50.1629015Z" name="AssignedToId" audited="false" include="false" columnName="ASSIGNEDTOID" maxLength="12" precision="0" scale="0" ordinal="14" isReadOnly="false">
      <ExtendedPropertiesCollection>
        <extendee type="Sage.Platform.Orm.Entities.OrmFieldProperty">
          <extender guid="ae60621d-9d91-3d9a-b9fb-eb6c8be12131">
            <OrmEntityPropertySDataExtension generate="true" />
          </extender>
        </extendee>
      </ExtendedPropertiesCollection>
      <SystemDataType guid="30053f5a-8d40-4db1-b185-1e4128eb26cc">
        <StandardIdDataType />
      </SystemDataType>
    </property>
  </properties>
</entity>