<?xml version="1.0"?>
<PortalPage xmlns:xsi="http://www.w3.org/2001/XMLSchema-instance" xmlns:xsd="http://www.w3.org/2001/XMLSchema" id="7f21e404-b4f0-4ca2-bd98-9e38dbd41785">
  <PageAlias>Quota</PageAlias>
  <SmallImage>[Localization!Global_Images:currency_dollar16]</SmallImage>
  <LargeImage>[Localization!Global_Images:currency_dollar24]</LargeImage>
  <TemplateUrl>Masters\base.master</TemplateUrl>
  <InheritTemplate>false</InheritTemplate>
  <InheritsFrom>Sage.Platform.WebPortal.EntityPage, Sage.Platform.WebPortal</InheritsFrom>
  <Properties>
    <Property Name="EntityTypeName" TypeConverter="">Sage.Entity.Interfaces.IQuota, Sage.Entity.Interfaces, Version=0.0.0.0, Culture=neutral, PublicKeyToken=null</Property>
  </Properties>
  <TemplateProperties>
    <Property Name="IncludeMiddlePane" TypeConverter="">False</Property>
    <Property Name="IncludeMoreTabsTab" TypeConverter="">False</Property>
    <Property Name="IncludeTaskPane" TypeConverter="">True</Property>
  </TemplateProperties>
  <IsDefaultPage>false</IsDefaultPage>
  <ExcludedGlobalModules />
  <AppliedSecurity />
  <IncludeScript />
</PortalPage>