<?xml version="1.0"?>
<PortalPage xmlns:xsi="http://www.w3.org/2001/XMLSchema-instance" xmlns:xsd="http://www.w3.org/2001/XMLSchema" id="7a37bc6d-d9cf-4deb-a248-22a91df5b18e">
  <PageAlias>Forecast</PageAlias>
  <SmallImage>[Localization!Global_Images:pie-chart16]</SmallImage>
  <LargeImage>[Localization!Global_Images:pie-chart24]</LargeImage>
  <TemplateUrl>Masters\base.master</TemplateUrl>
  <InheritTemplate>false</InheritTemplate>
  <InheritsFrom>Sage.Platform.WebPortal.EntityPage, Sage.Platform.WebPortal</InheritsFrom>
  <Properties>
    <Property Name="EntityTypeName" TypeConverter="">Sage.Entity.Interfaces.IForecast, Sage.Entity.Interfaces, Version=0.0.0.0, Culture=neutral, PublicKeyToken=null</Property>
  </Properties>
  <TemplateProperties>
    <Property Name="IncludeMoreTabsTab" TypeConverter="">False</Property>
  </TemplateProperties>
  <IsDefaultPage>false</IsDefaultPage>
  <ExcludedGlobalModules />
  <AppliedSecurity />
  <IncludeScript />
</PortalPage>