<?xml version="1.0"?>
<NavigationItem xmlns:xsi="http://www.w3.org/2001/XMLSchema-instance" xmlns:xsd="http://www.w3.org/2001/XMLSchema" id="c2c944af-c505-4fea-895e-22db878fc0d1">
  <ItemId>navForecastDetails</ItemId>
  <NavUrl>Forecast.aspx</NavUrl>
  <LargeImageUrl>[Localization!Global_Images:pie-chart32]</LargeImageUrl>
  <SmallImageUrl>[Localization!Global_Images:pie-chart24]</SmallImageUrl>
  <ContextMenuId>contextForecast</ContextMenuId>
  <Target />
  <AppliedSecurity>Entities/Forecast/View</AppliedSecurity>
</NavigationItem>