<?xml version="1.0"?>
<QuickForm xmlns:xsi="http://www.w3.org/2001/XMLSchema-instance" xmlns:xsd="http://www.w3.org/2001/XMLSchema" id="888ac43d-34c8-4623-99de-c8de970f8d0a" DefinitionType="Sage.Platform.QuickForms.QuickFormMainDetailViewDefinition, Sage.Platform.QuickForms">
  <ActiveControl />
  <ImagePath />
  <LoadActions>
    <FormActionDefinition>
      <ResourceKey>190ea4b0-7e27-4a15-84b7-5f81b414c07e</ResourceKey>
      <Action typeName="Sage.Platform.QuickForms.ActionItems.CSharpSnippetActionItem, Sage.Platform.QuickForms">
        <CSharpSnippetActionItem>
          <MethodName>quickformload0</MethodName>
          <CSharpCodeSnippet>	Sage.Entity.Interfaces.IForecast forecast = (Sage.Entity.Interfaces.IForecast) this.BindingSource.Current;
	</CSharpCodeSnippet>
        </CSharpSnippetActionItem>
      </Action>
      <IsDialogCloseAction>False</IsDialogCloseAction>
      <RunOnEveryRePaint>False</RunOnEveryRePaint>
      <DialogActionResult>NoResult</DialogActionResult>
      <PerformsUpdate>False</PerformsUpdate>
      <AppliedSecurity />
      <RefreshData>False</RefreshData>
    </FormActionDefinition>
  </LoadActions>
  <Name>ForecastOpportunities</Name>
  <ClientScriptIncludes />
  <ClientResourceKeys />
  <ExtendedProperties />
  <HelpFile />
  <ReadOnly>false</ReadOnly>
  <GeneratePrintView>false</GeneratePrintView>
  <Controls>
    <Control typeName="Sage.SalesLogix.QuickForms.QFControls.QFDataGrid, Sage.SalesLogix.QuickForms.QFControls">
      <QFDataGrid>
        <Column>0</Column>
        <Row>0</Row>
        <HotKey>0</HotKey>
        <TabIndex>0</TabIndex>
        <ControlId>grdForecastOpportunities</ControlId>
        <DataBindings />
        <ControlLabelPlacement>none</ControlLabelPlacement>
        <ExtendedProperties />
        <CaptionAlignment>left</CaptionAlignment>
        <StyleScheme />
        <DataSource>dsForecastOpportunities</DataSource>
        <EnablePaging>true</EnablePaging>
        <EnableSorting>true</EnableSorting>
        <Columns>
          <QFLinkCol>
            <StyleScheme />
            <DataField>Opportunity</DataField>
            <ColumnId>636cc158-f588-4da6-a649-e92c5c447917</ColumnId>
            <HorizontalAlignment>left</HorizontalAlignment>
            <HeaderAlignment>left</HeaderAlignment>
            <SortDirection>None</SortDirection>
            <IsSortable>true</IsSortable>
            <SortField>Opportunity</SortField>
            <MultiCurrencyDependent>false</MultiCurrencyDependent>
            <Destination />
            <Image />
            <EntityIdField>Opportunity.Id</EntityIdField>
            <EntityTypeName>Opportunity</EntityTypeName>
            <Target />
            <AppliedSecurity />
          </QFLinkCol>
          <QFDateTimePickerCol>
            <StyleScheme />
            <DataField>OpportunityCloseDate</DataField>
            <ColumnId>4a6b86d6-a336-402e-9d4d-809e3d0715aa</ColumnId>
            <HorizontalAlignment>left</HorizontalAlignment>
            <HeaderAlignment>left</HeaderAlignment>
            <SortDirection>None</SortDirection>
            <IsSortable>true</IsSortable>
            <SortField>OpportunityCloseDate</SortField>
            <MultiCurrencyDependent>false</MultiCurrencyDependent>
            <DateOnly>true</DateOnly>
            <Timeless>false</Timeless>
          </QFDateTimePickerCol>
          <QFCustomFormatCol>
            <StyleScheme />
            <DataField>CloseProbability</DataField>
            <ColumnId>b9b6ffcc-f58c-4ecb-a335-844b19d8031c</ColumnId>
            <HorizontalAlignment>left</HorizontalAlignment>
            <HeaderAlignment>left</HeaderAlignment>
            <SortDirection>None</SortDirection>
            <IsSortable>false</IsSortable>
            <SortField>CloseProbability</SortField>
            <MultiCurrencyDependent>false</MultiCurrencyDependent>
            <FormattingMethodName>myformattingmethod</FormattingMethodName>
            <FormattingCode>protected string myformattingmethod(object param)
{
	if (param != null)
	{
		return String.Format("{0}%", param);
	}
	else
	{
		return "--";
	}
}</FormattingCode>
          </QFCustomFormatCol>
          <QFDataGridCol>
            <StyleScheme />
            <DataField>OpportunityStatus</DataField>
            <ColumnId>de316f53-8a18-4fb1-99f8-5863eb42e8db</ColumnId>
            <HorizontalAlignment>left</HorizontalAlignment>
            <HeaderAlignment>left</HeaderAlignment>
            <SortDirection>None</SortDirection>
            <IsSortable>true</IsSortable>
            <SortField>OpportunityStatus</SortField>
            <MultiCurrencyDependent>false</MultiCurrencyDependent>
          </QFDataGridCol>
          <QFSLXCurrencyCol>
            <StyleScheme />
            <DataField>MinPotential</DataField>
            <ColumnId>707deeca-5669-44f6-b168-c5403fd7968e</ColumnId>
            <HorizontalAlignment>right</HorizontalAlignment>
            <HeaderAlignment>left</HeaderAlignment>
            <SortDirection>None</SortDirection>
            <IsSortable>true</IsSortable>
            <SortField>MinPotential</SortField>
            <MultiCurrencyDependent>false</MultiCurrencyDependent>
            <CurrentCode />
            <ExchangeRateType>BaseRate</ExchangeRateType>
            <ExchangeRate />
            <DecimalDigits>0</DecimalDigits>
          </QFSLXCurrencyCol>
          <QFSLXCurrencyCol>
            <StyleScheme />
            <DataField>MaxPotential</DataField>
            <ColumnId>88c7c6ed-1d69-40dd-9e0d-0befe6bc2790</ColumnId>
            <HorizontalAlignment>right</HorizontalAlignment>
            <HeaderAlignment>left</HeaderAlignment>
            <SortDirection>None</SortDirection>
            <IsSortable>true</IsSortable>
            <SortField>MaxPotential</SortField>
            <MultiCurrencyDependent>false</MultiCurrencyDependent>
            <CurrentCode />
            <ExchangeRateType>BaseRate</ExchangeRateType>
            <ExchangeRate />
            <DecimalDigits>0</DecimalDigits>
          </QFSLXCurrencyCol>
          <QFDeleteCol>
            <StyleScheme />
            <DataField />
            <ColumnId>d9268fba-e1dc-4eac-903a-2ba1d592ca4f</ColumnId>
            <HorizontalAlignment>left</HorizontalAlignment>
            <HeaderAlignment>left</HeaderAlignment>
            <SortDirection>None</SortDirection>
            <IsSortable>false</IsSortable>
            <MultiCurrencyDependent>false</MultiCurrencyDependent>
            <BusinessRule>Delete</BusinessRule>
            <BusinessRuleObjectName>ForecastOpportunity</BusinessRuleObjectName>
            <BusinessRuleParameters />
            <AppliedSecurity />
          </QFDeleteCol>
        </Columns>
        <RenderVertical>false</RenderVertical>
        <OnRowSelectedAction>
          <ResourceKey>grdForecastOpportunities</ResourceKey>
          <Action typeName="Sage.Platform.QuickForms.ActionItems.NoActionActionItem, Sage.Platform.QuickForms">
            <NoActionActionItem>
              <MethodName />
            </NoActionActionItem>
          </Action>
          <IsDialogCloseAction>False</IsDialogCloseAction>
          <RunOnEveryRePaint>False</RunOnEveryRePaint>
          <DialogActionResult>NoResult</DialogActionResult>
          <PerformsUpdate>False</PerformsUpdate>
          <AppliedSecurity />
          <RefreshData>False</RefreshData>
        </OnRowSelectedAction>
      </QFDataGrid>
    </Control>
    <Control typeName="Sage.Platform.QuickForms.QFControls.QFDataSource, Sage.Platform.QuickForms.QFControls">
      <QFDataSource>
        <Column>0</Column>
        <Row>1</Row>
        <Visible>false</Visible>
        <HotKey>48</HotKey>
        <TabIndex>0</TabIndex>
        <ControlId>dsForecastOpportunities</ControlId>
        <DataBindings />
        <ControlLabelPlacement>none</ControlLabelPlacement>
        <ExtendedProperties />
        <CaptionAlignment>left</CaptionAlignment>
        <StyleScheme />
        <EntityTypeName>ForecastOpportunity</EntityTypeName>
        <GetByMethod />
        <GetByProperty>ForecastOpportunities</GetByProperty>
        <UseSmartSelection>true</UseSmartSelection>
        <DataOptional>false</DataOptional>
      </QFDataSource>
    </Control>
  </Controls>
  <ToolControls>
    <Control typeName="Sage.Platform.QuickForms.Controls.QFElementSpacer, Sage.Platform.QuickForms">
      <QFElementSpacer>
        <Column>0</Column>
        <Row>0</Row>
        <HotKey>0</HotKey>
        <TabIndex>0</TabIndex>
        <ControlId>de5a2e05fb184b41ade852f573aa5242</ControlId>
        <DataBindings />
        <ControlLabelPlacement>left</ControlLabelPlacement>
        <ExtendedProperties />
        <CaptionAlignment>left</CaptionAlignment>
        <StyleScheme />
      </QFElementSpacer>
    </Control>
    <Control typeName="Sage.Platform.QuickForms.Controls.QFElementSpacer, Sage.Platform.QuickForms">
      <QFElementSpacer>
        <Column>0</Column>
        <Row>0</Row>
        <HotKey>0</HotKey>
        <TabIndex>0</TabIndex>
        <ControlId>ad4eb63b6a4441b0c7e97670834004</ControlId>
        <DataBindings />
        <ControlLabelPlacement>left</ControlLabelPlacement>
        <ExtendedProperties />
        <CaptionAlignment>left</CaptionAlignment>
        <StyleScheme />
      </QFElementSpacer>
    </Control>
    <Control typeName="Sage.Platform.QuickForms.Controls.QFButton, Sage.Platform.QuickForms">
      <QFButton>
        <Column>0</Column>
        <Row>0</Row>
        <HotKey>0</HotKey>
        <TabIndex>0</TabIndex>
        <ControlId>cmdRefresh</ControlId>
        <DataBindings />
        <ControlLabelPlacement>none</ControlLabelPlacement>
        <ExtendedProperties />
        <CaptionAlignment>left</CaptionAlignment>
        <StyleScheme />
        <ButtonType>Icon</ButtonType>
        <Image>[Localization!Global_Images:refresh]</Image>
        <OnClientClick />
        <OnClickAction>
          <ResourceKey>cmdRefresh</ResourceKey>
          <Action typeName="Sage.Platform.QuickForms.ActionItems.BusinessRuleActionItem, Sage.Platform.QuickForms">
            <BusinessRuleActionItem>
              <BusinessRule>PullInOpportunities</BusinessRule>
              <Object>Forecast</Object>
              <Parameters />
              <PassResultsToNextAction>False</PassResultsToNextAction>
              <OnComplete typeName="Sage.Platform.QuickForms.ActionItems.NoActionActionItem, Sage.Platform.QuickForms">
                <NoActionActionItem>
                  <MethodName />
                </NoActionActionItem>
              </OnComplete>
            </BusinessRuleActionItem>
          </Action>
          <IsDialogCloseAction>False</IsDialogCloseAction>
          <RunOnEveryRePaint>False</RunOnEveryRePaint>
          <DialogActionResult>NoResult</DialogActionResult>
          <PerformsUpdate>False</PerformsUpdate>
          <AppliedSecurity />
          <RefreshData>True</RefreshData>
        </OnClickAction>
      </QFButton>
    </Control>
    <Control typeName="Sage.Platform.QuickForms.Controls.QFButton, Sage.Platform.QuickForms">
      <QFButton>
        <Column>0</Column>
        <Row>0</Row>
        <HotKey>0</HotKey>
        <TabIndex>0</TabIndex>
        <ControlId>btnExport</ControlId>
        <DataBindings />
        <ControlLabelPlacement>none</ControlLabelPlacement>
        <ExtendedProperties />
        <CaptionAlignment>left</CaptionAlignment>
        <StyleScheme />
        <ButtonType>Icon</ButtonType>
        <Image>[Localization!Global_Images:export_16x16]</Image>
        <OnClientClick />
        <OnClickAction>
          <ResourceKey>btnExport</ResourceKey>
          <Action typeName="Sage.Platform.QuickForms.ActionItems.CSharpSnippetActionItem, Sage.Platform.QuickForms">
            <CSharpSnippetActionItem>
              <MethodName>btnExport_ClickAction</MethodName>
              <CSharpCodeSnippet>    Sage.Entity.Interfaces.IForecast forecast = this.BindingSource.Current as Sage.Entity.Interfaces.IForecast;
    Response.Redirect(string.Format("/SlxClient/SmartParts/Export/ExportData.aspx?forecastid={0}&amp;Action={1}", forecast.Id, "ExportForecastOpps"));
</CSharpCodeSnippet>
            </CSharpSnippetActionItem>
          </Action>
          <IsDialogCloseAction>False</IsDialogCloseAction>
          <RunOnEveryRePaint>False</RunOnEveryRePaint>
          <DialogActionResult>NoResult</DialogActionResult>
          <PerformsUpdate>False</PerformsUpdate>
          <AppliedSecurity />
          <RefreshData>False</RefreshData>
        </OnClickAction>
      </QFButton>
    </Control>
  </ToolControls>
  <Columns>
    <ColumnStyle>
      <SizeType>Percent</SizeType>
      <Width>100</Width>
    </ColumnStyle>
  </Columns>
  <Rows>
    <RowStyle>
      <SizeType>Absolute</SizeType>
      <Height>100</Height>
    </RowStyle>
  </Rows>
  <Description />
  <UseEntityNameAsTitle>true</UseEntityNameAsTitle>
  <EntityTypeName>IForecast</EntityTypeName>
  <DefaultNamespace>Sage.Entity.Interfaces</DefaultNamespace>
  <AssemblyName>Sage.Entity.Interfaces</AssemblyName>
</QuickForm>