<?xml version="1.0"?>
<QuickForm xmlns:xsi="http://www.w3.org/2001/XMLSchema-instance" xmlns:xsd="http://www.w3.org/2001/XMLSchema" id="5552df65-1d8d-46ae-937e-8c4f34be419f" DefinitionType="Sage.Platform.QuickForms.QuickFormMainDetailViewDefinition, Sage.Platform.QuickForms">
  <ActiveControl />
  <ImagePath />
  <LoadActions />
  <Name>ForecastAudit</Name>
  <ClientScriptIncludes />
  <ClientResourceKeys />
  <ExtendedProperties />
  <HelpFile />
  <ReadOnly>false</ReadOnly>
  <GeneratePrintView>false</GeneratePrintView>
  <Controls>
    <Control typeName="Sage.SalesLogix.QuickForms.QFControls.QFDataGrid, Sage.SalesLogix.QuickForms.QFControls">
      <QFDataGrid>
        <Column>0</Column>
        <Row>0</Row>
        <HotKey>0</HotKey>
        <TabIndex>0</TabIndex>
        <ControlId>grdForecastAudits</ControlId>
        <DataBindings />
        <ControlLabelPlacement>none</ControlLabelPlacement>
        <ExtendedProperties />
        <CaptionAlignment>left</CaptionAlignment>
        <StyleScheme />
        <DataSource>dsForecastAudits</DataSource>
        <EnablePaging>true</EnablePaging>
        <EnableSorting>true</EnableSorting>
        <PageSize>10</PageSize>
        <Columns>
          <QFDateTimePickerCol>
            <StyleScheme />
            <DataField>CreateDate</DataField>
            <ColumnId>02139637-ac86-48ec-97ee-9124139a6273</ColumnId>
            <HorizontalAlignment>left</HorizontalAlignment>
            <HeaderAlignment>left</HeaderAlignment>
            <SortDirection>None</SortDirection>
            <IsSortable>true</IsSortable>
            <SortField>CreateDate</SortField>
            <MultiCurrencyDependent>false</MultiCurrencyDependent>
            <DateOnly>false</DateOnly>
            <Timeless>false</Timeless>
          </QFDateTimePickerCol>
          <QFSLXUserCol>
            <StyleScheme />
            <DataField>CreateUser</DataField>
            <ColumnId>afa32931-558a-484b-9a08-0000ff32d90a</ColumnId>
            <HorizontalAlignment>left</HorizontalAlignment>
            <HeaderAlignment>left</HeaderAlignment>
            <SortDirection>None</SortDirection>
            <IsSortable>true</IsSortable>
            <SortField>CreateUser</SortField>
            <MultiCurrencyDependent>false</MultiCurrencyDependent>
          </QFSLXUserCol>
          <QFDataGridCol>
            <StyleScheme />
            <DataField>FieldName</DataField>
            <ColumnId>a7f22011-8d00-41e1-9fd7-6cb25654221e</ColumnId>
            <HorizontalAlignment>left</HorizontalAlignment>
            <HeaderAlignment>left</HeaderAlignment>
            <SortDirection>None</SortDirection>
            <IsSortable>true</IsSortable>
            <SortField>FieldName</SortField>
            <MultiCurrencyDependent>false</MultiCurrencyDependent>
          </QFDataGridCol>
          <QFDataGridCol>
            <StyleScheme />
            <DataField>OldValue</DataField>
            <ColumnId>97ca5bc0-e6ab-436b-a07b-3363df3d7562</ColumnId>
            <HorizontalAlignment>left</HorizontalAlignment>
            <HeaderAlignment>left</HeaderAlignment>
            <SortDirection>None</SortDirection>
            <IsSortable>true</IsSortable>
            <SortField>OldValue</SortField>
            <MultiCurrencyDependent>false</MultiCurrencyDependent>
          </QFDataGridCol>
          <QFDataGridCol>
            <StyleScheme />
            <DataField>NewValue</DataField>
            <ColumnId>ea29b6a2-f735-45d6-ad22-d0f886424541</ColumnId>
            <HorizontalAlignment>left</HorizontalAlignment>
            <HeaderAlignment>left</HeaderAlignment>
            <SortDirection>None</SortDirection>
            <IsSortable>true</IsSortable>
            <SortField>NewValue</SortField>
            <MultiCurrencyDependent>false</MultiCurrencyDependent>
          </QFDataGridCol>
          <QFDataGridCol>
            <StyleScheme />
            <DataField>Note</DataField>
            <ColumnId>e7db01f9-1141-42a6-90fc-31f3b2cc05b1</ColumnId>
            <HorizontalAlignment>left</HorizontalAlignment>
            <HeaderAlignment>left</HeaderAlignment>
            <SortDirection>None</SortDirection>
            <IsSortable>false</IsSortable>
            <SortField>Note</SortField>
            <MultiCurrencyDependent>false</MultiCurrencyDependent>
          </QFDataGridCol>
        </Columns>
        <RenderVertical>false</RenderVertical>
        <OnRowSelectedAction>
          <ResourceKey>grdForecastAudits</ResourceKey>
          <Action typeName="Sage.Platform.QuickForms.ActionItems.NoActionActionItem, Sage.Platform.QuickForms">
            <NoActionActionItem>
              <MethodName />
            </NoActionActionItem>
          </Action>
          <IsDialogCloseAction>False</IsDialogCloseAction>
          <RunOnEveryRePaint>False</RunOnEveryRePaint>
          <DialogActionResult>NoResult</DialogActionResult>
          <PerformsUpdate>False</PerformsUpdate>
          <AppliedSecurity />
          <RefreshData>False</RefreshData>
        </OnRowSelectedAction>
      </QFDataGrid>
    </Control>
    <Control typeName="Sage.Platform.QuickForms.QFControls.QFDataSource, Sage.Platform.QuickForms.QFControls">
      <QFDataSource>
        <Column>0</Column>
        <Row>1</Row>
        <Visible>false</Visible>
        <HotKey>48</HotKey>
        <TabIndex>0</TabIndex>
        <ControlId>dsForecastAudits</ControlId>
        <DataBindings />
        <ControlLabelPlacement>none</ControlLabelPlacement>
        <ExtendedProperties />
        <CaptionAlignment>left</CaptionAlignment>
        <StyleScheme />
        <EntityTypeName>ForecastAudit</EntityTypeName>
        <GetByMethod />
        <GetByProperty>ForecastAudits</GetByProperty>
        <UseSmartSelection>true</UseSmartSelection>
        <DataOptional>false</DataOptional>
      </QFDataSource>
    </Control>
  </Controls>
  <ToolControls>
    <Control typeName="Sage.Platform.QuickForms.Controls.QFElementSpacer, Sage.Platform.QuickForms">
      <QFElementSpacer>
        <Column>0</Column>
        <Row>0</Row>
        <HotKey>0</HotKey>
        <TabIndex>0</TabIndex>
        <ControlId>e4cc685179496cb52c48aa05e8e467</ControlId>
        <DataBindings />
        <ControlLabelPlacement>left</ControlLabelPlacement>
        <ExtendedProperties />
        <CaptionAlignment>left</CaptionAlignment>
        <StyleScheme />
      </QFElementSpacer>
    </Control>
    <Control typeName="Sage.Platform.QuickForms.Controls.QFElementSpacer, Sage.Platform.QuickForms">
      <QFElementSpacer>
        <Column>0</Column>
        <Row>0</Row>
        <HotKey>0</HotKey>
        <TabIndex>0</TabIndex>
        <ControlId>5a3339cff74e8dbe0ae79aaa1928f3</ControlId>
        <DataBindings />
        <ControlLabelPlacement>left</ControlLabelPlacement>
        <ExtendedProperties />
        <CaptionAlignment>left</CaptionAlignment>
        <StyleScheme />
      </QFElementSpacer>
    </Control>
  </ToolControls>
  <Columns>
    <ColumnStyle>
      <SizeType>Percent</SizeType>
      <Width>100</Width>
    </ColumnStyle>
  </Columns>
  <Rows>
    <RowStyle>
      <SizeType>Absolute</SizeType>
      <Height>100</Height>
    </RowStyle>
  </Rows>
  <Description />
  <UseEntityNameAsTitle>true</UseEntityNameAsTitle>
  <EntityTypeName>IForecast</EntityTypeName>
  <DefaultNamespace>Sage.Entity.Interfaces</DefaultNamespace>
  <AssemblyName>Sage.Entity.Interfaces</AssemblyName>
</QuickForm>