<?xml version="1.0"?>
<SmartPartMapping xmlns:xsi="http://www.w3.org/2001/XMLSchema-instance" xmlns:xsd="http://www.w3.org/2001/XMLSchema" id="8b161e67-1396-4f82-9069-05cb502af983">
  <SmartPartId>InsertQuota</SmartPartId>
  <ReferencedModelId>b2741b79-02a2-4f4c-81cd-c204f82cf41c</ReferencedModelId>
  <SmartPart>\Entity Model\SalesLogix Application Entities\Quota\QuickForms\InsertQuota.main.quickform.xml</SmartPart>
  <TargetWorkspace>MainContent</TargetWorkspace>
  <ShowInMode>Insert</ShowInMode>
  <Properties />
  <AllowRoles />
</SmartPartMapping>