<?xml version="1.0"?>
<SchedulerTrigger xmlns:xsi="http://www.w3.org/2001/XMLSchema-instance" xmlns:xsd="http://www.w3.org/2001/XMLSchema" id="bcf89a55-0a06-4240-8330-148480f0bc29">
  <InstanceId>07127475ff50433e9cbdf41fde443644</InstanceId>
  <JobId>5932d51398044dadb86c08838473d235</JobId>
  <Name>Generate Weekly Forecast Snapshots</Name>
  <StartTimeUtc xsi:nil="true" />
  <EndTimeUtc xsi:nil="true" />
  <RepeatCount xsi:nil="true" />
  <CronExpression>0 5 12 ? * SAT *</CronExpression>
  <Priority xsi:nil="true" />
  <Parameters />
</SchedulerTrigger>