<?xml version="1.0"?>
<SchedulerTrigger xmlns:xsi="http://www.w3.org/2001/XMLSchema-instance" xmlns:xsd="http://www.w3.org/2001/XMLSchema" id="8d5231cd-f210-4a92-a0f0-f264a5351dc3">
  <InstanceId>5b80c9ba85fe48b78e618d01145b0c7c</InstanceId>
  <JobId>1aa52cc953fc478990bd8a9eae761dc9</JobId>
  <Name>Generate new Forecasts first day of a Period</Name>
  <StartTimeUtc xsi:nil="true" />
  <EndTimeUtc xsi:nil="true" />
  <RepeatCount xsi:nil="true" />
  <CronExpression>0 0 12 1 1/1 ? *</CronExpression>
  <Priority xsi:nil="true" />
  <Parameters />
</SchedulerTrigger>