﻿<?xml version="1.0"?>
<entityFilter xmlns:xsi="http://www.w3.org/2001/XMLSchema-instance" xmlns:xsd="http://www.w3.org/2001/XMLSchema" xsi:type="OrmRangeEntityFilter" id="6d5a2ea6-75a8-4420-bc50-4b0812d4071b" lastModifiedUtc="2013-07-16T17:58:56.5193366Z" filterName="AmtRange" propertyName="Amount" analyticsAvailable="true" characters="0">
  <extendedMetaData />
  <ExtendedPropertiesCollection>
    <extendee type="Sage.Platform.Orm.Entities.OrmRangeEntityFilter" />
  </ExtendedPropertiesCollection>
  <ranges id="cbc2ba41-a26e-452f-a4a1-294ad7351810" rangeName="Under 50K" lower="0" upper="49999" />
  <ranges id="4e095a2b-6929-419d-b401-b0a53d355f7b" rangeName="50-100" lower="50000" upper="99999" />
  <ranges id="45d251fc-1c47-4c67-84e6-f2343ff4ba04" rangeName="100-250" lower="100000" upper="249999" />
  <ranges id="a59b7374-2a16-4f31-a3f7-db30c94e80bf" rangeName="250-500" lower="250000" upper="499999" />
  <ranges id="03c3e5cc-c8a0-4fa1-96db-1a7edd280a81" rangeName="500+" lower="500000" />
</entityFilter>