<?xml version="1.0"?>
<method xmlns:xsi="http://www.w3.org/2001/XMLSchema-instance" xmlns:xsd="http://www.w3.org/2001/XMLSchema" id="4cb856f1-f681-4404-83a7-9ad9757cf6ed" lastModifiedUtc="2009-04-17T14:12:24.622625Z" name="OnAfterInsert" methodType="CrudEvent" actionType="None" returnMode="None">
  <extendedMetaData />
  <ExtendedPropertiesCollection>
    <extendee type="Sage.Platform.Orm.Entities.OrmEntityMethod" />
  </ExtendedPropertiesCollection>
  <parameter />
  <preExecuteTargets>
    <methodTarget xsi:type="OrmMethodTargetSnippet" id="052b844e-a83d-43d9-a441-026af484ef2b" lastModifiedUtc="2013-03-29T21:47:01.6690433Z" targetType="Sage.BusinessRules.CodeSnippets.ForecastBusinessRules, Sage.SnippetLibrary.CSharp" targetMethod="OnAfterInsertStep" active="true" codeSnippetId="e143ea28-26bd-49e0-88b0-59d47f3a9e72">
      <ExtendedPropertiesCollection>
        <extendee type="Sage.Platform.Orm.Entities.OrmMethodTargetSnippet" />
      </ExtendedPropertiesCollection>
    </methodTarget>
  </preExecuteTargets>
  <methodTargets>
    <methodTarget id="7972bee2-bba3-4feb-8a5c-8ae5e2683e6d" lastModifiedUtc="2009-04-17T14:12:23.747625Z" targetType="Sage.Platform.Orm.DefaultCRUDEventHandler, Sage.Platform" targetMethod="OnAfterInsert" active="true">
      <ExtendedPropertiesCollection>
        <extendee type="Sage.Platform.Orm.Entities.OrmMethodTarget" />
      </ExtendedPropertiesCollection>
    </methodTarget>
  </methodTargets>
  <postExecuteTargets />
  <postFlushTargets />
</method>