<?xml version="1.0"?>
<method xmlns:xsi="http://www.w3.org/2001/XMLSchema-instance" xmlns:xsd="http://www.w3.org/2001/XMLSchema" id="28e309a2-5582-434c-835c-b18b30e57690" lastModifiedUtc="2013-08-13T04:17:18.8139742Z" name="PeriodPipelineAmt" returnType="Double" methodType="Rule" actionType="None" returnMode="Object">
  <extendedMetaData />
  <ExtendedPropertiesCollection>
    <extendee type="Sage.Platform.Orm.Entities.OrmEntityMethod" />
  </ExtendedPropertiesCollection>
  <parameter>
    <OrmEntityMethodParam id="01dc5a52-c6ae-4591-8d35-eb6e03914bbe" paramName="amtLevel" sequence="0" paramType="String">
      <description>Min, Avg, or Max</description>
    </OrmEntityMethodParam>
  </parameter>
  <preExecuteTargets />
  <methodTargets>
    <methodTarget xsi:type="OrmMethodTargetSnippet" id="2d2d7ac9-2754-49eb-8fe9-a82b0a3400f8" lastModifiedUtc="2013-08-13T04:37:34.5105081Z" targetType="Sage.BusinessRules.CodeSnippets.ForecastBusinessRules, Sage.SnippetLibrary.CSharp" targetMethod="PeriodPipelineAmtStep" active="true" codeSnippetId="18f42660-288c-4f0a-a5d6-fa0f5463c4df">
      <ExtendedPropertiesCollection>
        <extendee type="Sage.Platform.Orm.Entities.OrmMethodTargetSnippet" />
      </ExtendedPropertiesCollection>
    </methodTarget>
  </methodTargets>
  <postExecuteTargets />
  <postFlushTargets />
</method>