<?xml version="1.0"?>
<method xmlns:xsi="http://www.w3.org/2001/XMLSchema-instance" xmlns:xsd="http://www.w3.org/2001/XMLSchema" id="ff6c6909-b073-4717-881d-396aa298dfe7" lastModifiedUtc="2013-10-29T21:00:01.6694591Z" name="PullInOpportunities" methodType="Rule" actionType="None" returnMode="None">
  <extendedMetaData />
  <ExtendedPropertiesCollection>
    <extendee type="Sage.Platform.Orm.Entities.OrmEntityMethod" />
  </ExtendedPropertiesCollection>
  <parameter />
  <preExecuteTargets />
  <methodTargets>
    <methodTarget xsi:type="OrmMethodTargetSnippet" id="c1586424-465a-4744-a5ed-c378a88eb31a" lastModifiedUtc="2014-03-06T19:29:15.824658Z" targetType="Sage.BusinessRules.CodeSnippets.ForecastBusinessRules, Sage.SnippetLibrary.CSharp" targetMethod="PullInOpportunitiesStep" active="true" codeSnippetId="73ad658e-ed96-4eed-ae13-31e65a28216c">
      <ExtendedPropertiesCollection>
        <extendee type="Sage.Platform.Orm.Entities.OrmMethodTargetSnippet" />
      </ExtendedPropertiesCollection>
    </methodTarget>
  </methodTargets>
  <postExecuteTargets />
  <postFlushTargets />
</method>