<?xml version="1.0"?>
<method xmlns:xsi="http://www.w3.org/2001/XMLSchema-instance" xmlns:xsd="http://www.w3.org/2001/XMLSchema" id="91d1a3fc-fd68-4783-a3c2-a6a847df3334" lastModifiedUtc="2013-09-30T21:47:03.4609755Z" name="TakeSnapshot" returnType="Boolean" methodType="Rule" actionType="None" returnMode="Object">
  <extendedMetaData />
  <ExtendedPropertiesCollection>
    <extendee type="Sage.Platform.Orm.Entities.OrmEntityMethod" />
  </ExtendedPropertiesCollection>
  <parameter />
  <preExecuteTargets />
  <methodTargets>
    <methodTarget xsi:type="OrmMethodTargetSnippet" id="7e8d8154-e802-4daa-bbe7-3031eabab09f" lastModifiedUtc="2013-09-30T22:01:24.113202Z" targetType="Sage.BusinessRules.CodeSnippets.ForecastBusinessRules, Sage.SnippetLibrary.CSharp" targetMethod="TakeSnapshotStep" active="true" codeSnippetId="a51b2e24-5e80-4022-994c-2c7773dbf0ad">
      <ExtendedPropertiesCollection>
        <extendee type="Sage.Platform.Orm.Entities.OrmMethodTargetSnippet" />
      </ExtendedPropertiesCollection>
    </methodTarget>
  </methodTargets>
  <postExecuteTargets />
  <postFlushTargets />
</method>