<?xml version="1.0"?>
<SmartPartMapping xmlns:xsi="http://www.w3.org/2001/XMLSchema-instance" xmlns:xsd="http://www.w3.org/2001/XMLSchema" id="96c7730a-46ce-4084-a05f-8bc3057adfc6">
  <SmartPartId>InsertForecast</SmartPartId>
  <ReferencedModelId>b2741b79-02a2-4f4c-81cd-c204f82cf41c</ReferencedModelId>
  <SmartPart>\Entity Model\SalesLogix Application Entities\Forecast\QuickForms\InsertForecast.main.quickform.xml</SmartPart>
  <TargetWorkspace>MainContent</TargetWorkspace>
  <ShowInMode>Insert</ShowInMode>
  <Properties />
  <AllowRoles />
</SmartPartMapping>